{
  "baseUrl": "http://localhost:9000/",
  "fixturesFolder": "test/cypress/fixtures",
  "integrationFolder": "test/cypress/integration",
  "pluginsFile": "test/cypress/plugins/index.js",
  "screenshotsFolder": "test/cypress/screenshots",
  "supportFile": "test/cypress/support/index.js",
  "videosFolder": "test/cypress/videos",
  "video": true,
  "component": {
    "componentFolder": "src",
    "testFiles": "**/*.spec.js",
    "supportFile": "test/cypress/support/component.js"
  },
  "projectId": "4r5ts5"
}
